{
    "$schema": "https://schema.management.azure.com/schemas/2019-04-01/deploymentTemplate.json#",
    "contentVersion": "1.0.0.0",
    "parameters": {
        "workflows_logic_custommessage_name": {
            "defaultValue": "logic-custommessage",
            "type": "String"
        },
        "connections_azurecommunicationservicessms_externalid": {
            "defaultValue": "/subscriptions/2dfedd04-b671-4204-88cb-6022ce782754/resourceGroups/rg-dataintegration-dev-001/providers/Microsoft.Web/connections/azurecommunicationservicessms",
            "type": "String"
        },
        "connections_office365_4_externalid": {
            "defaultValue": "/subscriptions/2dfedd04-b671-4204-88cb-6022ce782754/resourceGroups/rg-dataintegration-dev-001/providers/Microsoft.Web/connections/office365-4",
            "type": "String"
        }
    },
    "variables": {},
    "resources": [
        {
            "type": "Microsoft.Logic/workflows",
            "apiVersion": "2017-07-01",
            "name": "[parameters('workflows_logic_custommessage_name')]",
            "location": "australiaeast",
            "properties": {
                "state": "Enabled",
                "definition": {
                    "$schema": "https://schema.management.azure.com/providers/Microsoft.Logic/schemas/2016-06-01/workflowdefinition.json#",
                    "contentVersion": "1.0.0.0",
                    "parameters": {
                        "$connections": {
                            "defaultValue": {},
                            "type": "Object"
                        }
                    },
                    "triggers": {
                        "manual": {
                            "type": "Request",
                            "kind": "Http",
                            "inputs": {
                                "schema": {
                                    "properties": {
                                        "CommunicationMethod": {
                                            "type": "string"
                                        },
                                        "Description": {
                                            "type": "string"
                                        },
                                        "EmailAddress": {
                                            "type": "string"
                                        },
                                        "MobileNumber": {
                                            "type": "string"
                                        },
                                        "Origin": {
                                            "type": "string"
                                        },
                                        "Title": {
                                            "type": "string"
                                        }
                                    },
                                    "type": "object"
                                }
                            }
                        }
                    },
                    "actions": {
                        "Condition_Send_SMS": {
                            "actions": {
                                "Send_SMS": {
                                    "runAfter": {},
                                    "type": "ApiConnection",
                                    "inputs": {
                                        "body": {
                                            "from": "+918000071434",
                                            "message": "@triggerBody()?['Description']",
                                            "smsRecipients": [
                                                {
                                                    "to": "@triggerBody()?['MobileNumber']"
                                                }
                                            ],
                                            "smsSendOptions": {
                                                "enableDeliveryReport": false
                                            }
                                        },
                                        "host": {
                                            "connection": {
                                                "name": "@parameters('$connections')['azurecommunicationservicessms']['connectionId']"
                                            }
                                        },
                                        "method": "post",
                                        "path": "/v2/sms"
                                    }
                                }
                            },
                            "runAfter": {
                                "Condition__Send_Email": [
                                    "Succeeded"
                                ]
                            },
                            "expression": {
                                "or": [
                                    {
                                        "equals": [
                                            "@triggerBody()?['CommunicationMethod']",
                                            "All"
                                        ]
                                    },
                                    {
                                        "equals": [
                                            "@triggerBody()?['CommunicationMethod']",
                                            "SMS"
                                        ]
                                    }
                                ]
                            },
                            "type": "If"
                        },
                        "Condition__Send_Email": {
                            "actions": {
                                "Send_an_email_(V2)_2": {
                                    "runAfter": {},
                                    "type": "ApiConnection",
                                    "inputs": {
                                        "body": {
                                            "Body": "<p>@{triggerBody()?['Description']}</p>",
                                            "Importance": "Normal",
                                            "Subject": "@triggerBody()?['Title']",
                                            "To": "@triggerBody()?['EmailAddress']"
                                        },
                                        "host": {
                                            "connection": {
                                                "name": "@parameters('$connections')['office365_1']['connectionId']"
                                            }
                                        },
                                        "method": "post",
                                        "path": "/v2/Mail"
                                    }
                                }
                            },
                            "runAfter": {},
                            "expression": {
                                "or": [
                                    {
                                        "equals": [
                                            "@triggerBody()?['CommunicationMethod']",
                                            "All"
                                        ]
                                    },
                                    {
                                        "equals": [
                                            "@triggerBody()?['CommunicationMethod']",
                                            "Email"
                                        ]
                                    }
                                ]
                            },
                            "type": "If"
                        },
                        "Response": {
                            "runAfter": {
                                "Condition_Send_SMS": [
                                    "Succeeded"
                                ]
                            },
                            "type": "Response",
                            "kind": "Http",
                            "inputs": {
                                "body": {
                                    "Message": "Azure Logic App Executed Correctly",
                                    "Status": "Ok"
                                },
                                "statusCode": 200
                            },
                            "operationOptions": "Asynchronous"
                        }
                    },
                    "outputs": {}
                },
                "parameters": {
                    "$connections": {
                        "value": {
                            "azurecommunicationservicessms": {
                                "connectionId": "[parameters('connections_azurecommunicationservicessms_externalid')]",
                                "connectionName": "azurecommunicationservicessms",
                                "id": "/subscriptions/2dfedd04-b671-4204-88cb-6022ce782754/providers/Microsoft.Web/locations/australiaeast/managedApis/azurecommunicationservicessms"
                            },
                            "office365_1": {
                                "connectionId": "[parameters('connections_office365_4_externalid')]",
                                "connectionName": "office365-4",
                                "id": "/subscriptions/2dfedd04-b671-4204-88cb-6022ce782754/providers/Microsoft.Web/locations/australiaeast/managedApis/office365"
                            }
                        }
                    }
                }
            }
        }
    ]
}