{
    "$schema": "https://schema.management.azure.com/schemas/2019-04-01/deploymentTemplate.json#",
    "contentVersion": "1.0.0.0",
    "parameters": {
        "workflows_logic_executesynapse_dev_001_name": {
            "defaultValue": "logic-executesynapse-dev-001",
            "type": "String"
        }
    },
    "variables": {},
    "resources": [
        {
            "type": "Microsoft.Logic/workflows",
            "apiVersion": "2017-07-01",
            "name": "[parameters('workflows_logic_executesynapse_dev_001_name')]",
            "location": "australiaeast",
            "tags": {
                "AppName": "Data Analytics",
                "BusinessUnit": "Data Analytics",
                "CreatedBy": "David Alzamendi",
                "Environment": "Development",
                "Impact": "Low",
                "Owner": "David Alzamendi",
                "Purpose": "Execute Azure Synapse Analytics pipelines"
            },
            "identity": {
                "type": "SystemAssigned"
            },
            "properties": {
                "state": "Enabled",
                "definition": {
                    "$schema": "https://schema.management.azure.com/providers/Microsoft.Logic/schemas/2016-06-01/workflowdefinition.json#",
                    "contentVersion": "1.0.0.0",
                    "parameters": {},
                    "triggers": {
                        "manual": {
                            "type": "Request",
                            "kind": "Http",
                            "inputs": {
                                "schema": {
                                    "properties": {
                                        "PipelineName": {
                                            "type": "string"
                                        },
                                        "SynapseName": {
                                            "type": "string"
                                        }
                                    },
                                    "type": "object"
                                }
                            }
                        }
                    },
                    "actions": {
                        "Attempts": {
                            "runAfter": {
                                "Variable_to_check_if_pipeline_has_finished": [
                                    "Succeeded"
                                ]
                            },
                            "type": "InitializeVariable",
                            "inputs": {
                                "variables": [
                                    {
                                        "name": "ExitIfTakingTooLong",
                                        "type": "integer",
                                        "value": 10
                                    }
                                ]
                            }
                        },
                        "Condition": {
                            "actions": {
                                "Response": {
                                    "runAfter": {},
                                    "type": "Response",
                                    "kind": "Http",
                                    "inputs": {
                                        "statusCode": 200
                                    }
                                }
                            },
                            "runAfter": {
                                "Until": [
                                    "Succeeded"
                                ]
                            },
                            "else": {
                                "actions": {
                                    "Terminate": {
                                        "runAfter": {},
                                        "type": "Terminate",
                                        "inputs": {
                                            "runError": {
                                                "code": "SYNFAILED",
                                                "message": "@body('Parse_Pipeline_Status')?['message']"
                                            },
                                            "runStatus": "Failed"
                                        }
                                    }
                                }
                            },
                            "expression": {
                                "and": [
                                    {
                                        "equals": [
                                            "@body('Parse_Pipeline_Status')?['status']",
                                            "Succeeded"
                                        ]
                                    }
                                ]
                            },
                            "type": "If"
                        },
                        "Execute_Azure_Synapse_Analytics_pipeline": {
                            "runAfter": {},
                            "type": "Http",
                            "inputs": {
                                "authentication": {
                                    "audience": "https://dev.azuresynapse.net/",
                                    "type": "ManagedServiceIdentity"
                                },
                                "headers": {
                                    "Content-Type": "application/json"
                                },
                                "method": "POST",
                                "uri": "https://@{triggerBody()?['SynapseName']}.dev.azuresynapse.net/pipelines/@{triggerBody()?['PipelineName']}/createRun?api-version=2020-12-01"
                            }
                        },
                        "Parse_JSON": {
                            "runAfter": {
                                "Execute_Azure_Synapse_Analytics_pipeline": [
                                    "Succeeded"
                                ]
                            },
                            "type": "ParseJson",
                            "inputs": {
                                "content": "@body('Execute_Azure_Synapse_Analytics_pipeline')",
                                "schema": {
                                    "properties": {
                                        "runId": {
                                            "type": "string"
                                        }
                                    },
                                    "type": "object"
                                }
                            }
                        },
                        "Until": {
                            "actions": {
                                "Decrement_Variable_Attempts": {
                                    "runAfter": {
                                        "Update_Status": [
                                            "Succeeded"
                                        ]
                                    },
                                    "type": "DecrementVariable",
                                    "inputs": {
                                        "name": "ExitIfTakingTooLong",
                                        "value": 1
                                    }
                                },
                                "Delay": {
                                    "runAfter": {},
                                    "type": "Wait",
                                    "inputs": {
                                        "interval": {
                                            "count": 30,
                                            "unit": "Second"
                                        }
                                    }
                                },
                                "Get_pipeline_status": {
                                    "runAfter": {
                                        "Delay": [
                                            "Succeeded"
                                        ]
                                    },
                                    "type": "Http",
                                    "inputs": {
                                        "authentication": {
                                            "audience": "https://dev.azuresynapse.net/",
                                            "type": "ManagedServiceIdentity"
                                        },
                                        "headers": {
                                            "Content-Type": "application/json"
                                        },
                                        "method": "GET",
                                        "uri": "https://@{triggerBody()?['SynapseName']}.dev.azuresynapse.net/pipelineruns/@{body('Parse_JSON')?['runId']}?api-version=2020-12-01"
                                    }
                                },
                                "Parse_Pipeline_Status": {
                                    "runAfter": {
                                        "Get_pipeline_status": [
                                            "Succeeded"
                                        ]
                                    },
                                    "type": "ParseJson",
                                    "inputs": {
                                        "content": "@body('Get_pipeline_status')",
                                        "schema": {
                                            "properties": {
                                                "annotations": {
                                                    "type": "array"
                                                },
                                                "debugRunId": {},
                                                "durationInMs": {},
                                                "id": {
                                                    "type": "string"
                                                },
                                                "invokedBy": {
                                                    "properties": {
                                                        "id": {
                                                            "type": "string"
                                                        },
                                                        "invokedByType": {
                                                            "type": "string"
                                                        },
                                                        "name": {
                                                            "type": "string"
                                                        }
                                                    },
                                                    "type": "object"
                                                },
                                                "isLatest": {
                                                    "type": "boolean"
                                                },
                                                "lastUpdated": {
                                                    "type": "string"
                                                },
                                                "message": {
                                                    "type": "string"
                                                },
                                                "parameters": {
                                                    "properties": {},
                                                    "type": "object"
                                                },
                                                "pipelineName": {
                                                    "type": "string"
                                                },
                                                "returnValue": {},
                                                "runDimension": {
                                                    "properties": {},
                                                    "type": "object"
                                                },
                                                "runEnd": {},
                                                "runGroupId": {
                                                    "type": "string"
                                                },
                                                "runId": {
                                                    "type": "string"
                                                },
                                                "runStart": {
                                                    "type": "string"
                                                },
                                                "status": {
                                                    "type": "string"
                                                }
                                            },
                                            "type": "object"
                                        }
                                    }
                                },
                                "Update_Status": {
                                    "runAfter": {
                                        "Parse_Pipeline_Status": [
                                            "Succeeded"
                                        ]
                                    },
                                    "type": "SetVariable",
                                    "inputs": {
                                        "name": "PipelineStatus",
                                        "value": "@{body('Parse_Pipeline_Status')?['runEnd']}"
                                    }
                                }
                            },
                            "runAfter": {
                                "Attempts": [
                                    "Succeeded"
                                ]
                            },
                            "expression": "@or(not(equals(variables('PipelineStatus'), '')),equals(variables('ExitIfTakingTooLong'), 0))",
                            "limit": {
                                "count": 60,
                                "timeout": "PT1H"
                            },
                            "type": "Until"
                        },
                        "Variable_to_check_if_pipeline_has_finished": {
                            "runAfter": {
                                "Parse_JSON": [
                                    "Succeeded"
                                ]
                            },
                            "type": "InitializeVariable",
                            "inputs": {
                                "variables": [
                                    {
                                        "name": "PipelineStatus",
                                        "type": "string"
                                    }
                                ]
                            }
                        }
                    },
                    "outputs": {}
                },
                "parameters": {}
            }
        }
    ]
}